{
  "children": [
    "yuushya:bucket_raw_gray_wood"
  ],
  "blockstates": [
    {
      "variant": "facing=east",
      "collision": [
        { "from": [ 1.0, 0.0, 3.0 ], "to": [ 15.0, 12.0, 15.849242404917497 ] }
      ]
    },
    {
      "variant": "facing=north",
      "collision": [
        { "from": [ 3.0, 0.0, 1.0 ], "to": [ 15.849242404917497, 12.0, 15.0 ] }
      ]
    },
    {
      "variant": "facing=south",
      "collision": [
        { "from": [ 0.15075759508250286, 0.0, 1.0 ], "to": [ 13.0, 12.0, 15.0 ] }
      ]
    },
    {
      "variant": "facing=west",
      "collision": [
        { "from": [ 1.0, 0.0, 0.15075759508250286 ], "to": [ 15.0, 12.0, 13.0 ] }
      ]
    }
  ]
}