{
  "children": [
    "yuushya:rain_shed_raw_gray_wood"
  ],
  "blockstates": [
    {
      "variant": "facing=east",
      "collision": [
        { "from": [ 1.2179274798194122, 8.029306017135987, 0.0 ], "to": [ 16.38268343236509, 16.0, 16.0 ] }
      ]
    },
    {
      "variant": "facing=north",
      "collision": [
        { "from": [ 0.0, 8.029306017135987, -0.3826834323650896 ], "to": [ 16.0, 16.0, 14.782072520180588 ] }
      ]
    },
    {
      "variant": "facing=south",
      "collision": [
        { "from": [ 0.0, 8.029306017135987, 1.2179274798194122 ], "to": [ 16.0, 16.0, 16.38268343236509 ] }
      ]
    },
    {
      "variant": "facing=west",
      "collision": [
        { "from": [ -0.3826834323650896, 8.029306017135987, 0.0 ], "to": [ 14.782072520180588, 16.0, 16.0 ] }
      ]
    }
  ]
}