{
  "children": [
    "yuushya:leaned_skateboard_raw_gray_wood"
  ],
  "blockstates": [
    {
      "variant": "facing=east",
      "collision": [
        { "from": [ 6.360872446009921, 0.10031397047840684, 4.5 ], "to": [ 16.014552093549792, 18.08825903746249, 11.5 ] }
      ]
    },
    {
      "variant": "facing=north",
      "collision": [
        { "from": [ 4.5, 0.10031397047840684, -0.014552093549792033 ], "to": [ 11.5, 18.08825903746249, 9.639127553990079 ] }
      ]
    },
    {
      "variant": "facing=south",
      "collision": [
        { "from": [ 4.5, 0.10031397047840684, 6.360872446009921 ], "to": [ 11.5, 18.08825903746249, 16.014552093549792 ] }
      ]
    },
    {
      "variant": "facing=west",
      "collision": [
        { "from": [ -0.014552093549792033, 0.10031397047840684, 4.5 ], "to": [ 9.639127553990079, 18.08825903746249, 11.5 ] }
      ]
    }
  ]
}