{
  "children": [
    "yuushya:decorative_shelf_raw_gray_wood"
  ],
  "blockstates": [
    {
      "variant": "facing=east",
      "collision": [
        { "from": [ -10.0, 0.0, 0.0 ], "to": [ 16.627416997969522, 22.62741699796952, 16.0 ] }
      ]
    },
    {
      "variant": "facing=north",
      "collision": [
        { "from": [ 0.0, 0.0, -0.6274169979695223 ], "to": [ 16.0, 22.62741699796952, 26.0 ] }
      ]
    },
    {
      "variant": "facing=south",
      "collision": [
        { "from": [ 0.0, 0.0, -10.0 ], "to": [ 16.0, 22.62741699796952, 16.627416997969522 ] }
      ]
    },
    {
      "variant": "facing=west",
      "collision": [
        { "from": [ -0.6274169979695223, 0.0, 0.0 ], "to": [ 26.0, 22.62741699796952, 16.0 ] }
      ]
    }
  ]
}