{
  "children": [
    "yuushya:black_bow_gift_box_raw_gray_wood"
  ],
  "blockstates": [
    {
      "variant": "facing=east",
      "collision": [
        { "from": [ 2.3999996185302734, 0.0, 2.4000000953674316 ], "to": [ 13.599999904632568, 12.15432202989895, 13.600000381469727 ] }
      ]
    },
    {
      "variant": "facing=north",
      "collision": [
        { "from": [ 2.4000000953674316, 0.0, 2.4000000953674316 ], "to": [ 13.600000381469727, 12.15432202989895, 13.600000381469727 ] }
      ]
    },
    {
      "variant": "facing=south",
      "collision": [
        { "from": [ 2.3999996185302734, 0.0, 2.3999996185302734 ], "to": [ 13.599999904632568, 12.15432202989895, 13.599999904632568 ] }
      ]
    },
    {
      "variant": "facing=west",
      "collision": [
        { "from": [ 2.4000000953674316, 0.0, 2.3999996185302734 ], "to": [ 13.600000381469727, 12.15432202989895, 13.599999904632568 ] }
      ]
    }
  ]
}