{
  "children": [
    "yuushya:average_table_raw_gray_wood"
  ],
  "blockstates": [
    {
      "variant": "facing=east",
      "collision": [
        { "from": [ -0.5426407092667489, -1.3563493768389083, 0.0 ], "to": [ 16.549241877007844, 16.0, 16.0 ] }
      ]
    },
    {
      "variant": "facing=north",
      "collision": [
        { "from": [ 0.0, -1.3563493768389083, -0.5492418770078444 ], "to": [ 16.0, 16.0, 16.54264070926675 ] }
      ]
    },
    {
      "variant": "facing=south",
      "collision": [
        { "from": [ 0.0, -1.3563493768389083, -0.5426407092667489 ], "to": [ 16.0, 16.0, 16.549241877007844 ] }
      ]
    },
    {
      "variant": "facing=west",
      "collision": [
        { "from": [ -0.5492418770078444, -1.3563493768389083, 0.0 ], "to": [ 16.54264070926675, 16.0, 16.0 ] }
      ]
    }
  ]
}