{
  "children": [
    "yuushya:handrail_middle_raw_gray_wood"
  ],
  "blockstates": [
    {
      "variant": "facing=east",
      "collision": [
        { "from": [ -2.121320343559642, -8.65685424949238, 5.5 ], "to": [ 16.0, 18.0, 10.5 ] }
      ]
    },
    {
      "variant": "facing=north",
      "collision": [
        { "from": [ 5.5, -8.65685424949238, 0.0 ], "to": [ 10.5, 18.0, 18.121320343559642 ] }
      ]
    },
    {
      "variant": "facing=south",
      "collision": [
        { "from": [ 5.5, -8.65685424949238, -2.121320343559642 ], "to": [ 10.5, 18.0, 16.0 ] }
      ]
    },
    {
      "variant": "facing=west",
      "collision": [
        { "from": [ 0.0, -8.65685424949238, 5.5 ], "to": [ 18.121320343559642, 18.0, 10.5 ] }
      ]
    }
  ]
}