{
  "children": [
    "yuushya:black_bow_small_gift_box_raw_gray_wood"
  ],
  "blockstates": [
    {
      "variant": "facing=east",
      "collision": [
        { "from": [ 2.3999996185302734, 0.0, 3.3686292175364816 ], "to": [ 12.599999904632568, 10.15432202989895, 13.63137044528873 ] }
      ]
    },
    {
      "variant": "facing=north",
      "collision": [
        { "from": [ 3.3686292175364816, 0.0, 3.4000000953674316 ], "to": [ 13.63137044528873, 10.15432202989895, 13.600000381469727 ] }
      ]
    },
    {
      "variant": "facing=south",
      "collision": [
        { "from": [ 2.3686295547112692, 0.0, 2.3999996185302734 ], "to": [ 12.631370782463518, 10.15432202989895, 12.599999904632568 ] }
      ]
    },
    {
      "variant": "facing=west",
      "collision": [
        { "from": [ 3.4000000953674316, 0.0, 2.3686295547112692 ], "to": [ 13.600000381469727, 10.15432202989895, 12.631370782463518 ] }
      ]
    }
  ]
}