{
  "children": [
    "yuushya:lengthened_rain_shed_raw_gray_wood"
  ],
  "blockstates": [
    {
      "variant": "facing=east",
      "collision": [
        { "from": [ -6.17310878027088, 1.066540929735047, 0.0 ], "to": [ 18.772765104820603, 16.0, 16.0 ] }
      ]
    },
    {
      "variant": "facing=north",
      "collision": [
        { "from": [ 0.0, 1.066540929735047, -2.7727651048206035 ], "to": [ 16.0, 16.0, 22.17310878027088 ] }
      ]
    },
    {
      "variant": "facing=south",
      "collision": [
        { "from": [ 0.0, 1.066540929735047, -6.17310878027088 ], "to": [ 16.0, 16.0, 18.772765104820603 ] }
      ]
    },
    {
      "variant": "facing=west",
      "collision": [
        { "from": [ -2.7727651048206035, 1.066540929735047, 0.0 ], "to": [ 22.17310878027088, 16.0, 16.0 ] }
      ]
    }
  ]
}