{
  "children": [
    "yuushya:clock_raw_gray_wood"
  ],
  "blockstates": [
    {
      "variant": "facing=east",
      "collision": [
        { "from": [ 12.224999904632568, 2.0, 2.0 ], "to": [ 15.699999988079071, 14.0, 14.0 ] }
      ]
    },
    {
      "variant": "facing=north",
      "collision": [
        { "from": [ 2.0, 2.0, 0.30000001192092896 ], "to": [ 14.0, 14.0, 3.7750000953674316 ] }
      ]
    },
    {
      "variant": "facing=south",
      "collision": [
        { "from": [ 2.0, 2.0, 12.224999904632568 ], "to": [ 14.0, 14.0, 15.699999988079071 ] }
      ]
    },
    {
      "variant": "facing=west",
      "collision": [
        { "from": [ 0.30000001192092896, 2.0, 2.0 ], "to": [ 3.7750000953674316, 14.0, 14.0 ] }
      ]
    }
  ]
}