{
  "children": [
    "yuushya:cart_raw_gray_wood"
  ],
  "blockstates": [
    {
      "variant": "facing=east",
      "collision": [
        { "from": [ -16.0, -0.015254596121490493, -2.0 ], "to": [ 15.65685424949238, 25.242640687119284, 18.0 ] }
      ]
    },
    {
      "variant": "facing=north",
      "collision": [
        { "from": [ -2.0, -0.015254596121490493, 0.3431457505076194 ], "to": [ 18.0, 25.242640687119284, 32.0 ] }
      ]
    },
    {
      "variant": "facing=south",
      "collision": [
        { "from": [ -2.0, -0.015254596121490493, -16.0 ], "to": [ 18.0, 25.242640687119284, 15.65685424949238 ] }
      ]
    },
    {
      "variant": "facing=west",
      "collision": [
        { "from": [ 0.3431457505076194, -0.015254596121490493, -2.0 ], "to": [ 32.0, 25.242640687119284, 18.0 ] }
      ]
    }
  ]
}