{
  "children": [
    "yuushya:big_table_raw_gray_wood"
  ],
  "blockstates": [
    {
      "variant": "facing=east",
      "collision": [
        { "from": [ -8.0, -1.3563493768389083, -8.0 ], "to": [ 24.0, 16.0, 24.0 ] }
      ]
    },
    {
      "variant": "facing=north",
      "collision": [
        { "from": [ -8.0, -1.3563493768389083, -8.0 ], "to": [ 24.0, 16.0, 24.0 ] }
      ]
    },
    {
      "variant": "facing=south",
      "collision": [
        { "from": [ -8.0, -1.3563493768389083, -8.0 ], "to": [ 24.0, 16.0, 24.0 ] }
      ]
    },
    {
      "variant": "facing=west",
      "collision": [
        { "from": [ -8.0, -1.3563493768389083, -8.0 ], "to": [ 24.0, 16.0, 24.0 ] }
      ]
    }
  ]
}