{
  "children": [
    "yuushya:venetian_blinds_raw_gray_wood"
  ],
  "blockstates": [
    {
      "variant": "facing=east",
      "collision": [
        { "from": [ 13.727207658994299, -0.7727922145651558, 0.0 ], "to": [ 15.848528171141336, 15.348528002553941, 16.0 ] }
      ]
    },
    {
      "variant": "facing=north",
      "collision": [
        { "from": [ 0.0, -0.7727922145651558, 0.15147182885866428 ], "to": [ 16.0, 15.348528002553941, 2.272792341005701 ] }
      ]
    },
    {
      "variant": "facing=south",
      "collision": [
        { "from": [ 0.0, -0.7727922145651558, 13.727207658994299 ], "to": [ 16.0, 15.348528002553941, 15.848528171141336 ] }
      ]
    },
    {
      "variant": "facing=west",
      "collision": [
        { "from": [ 0.15147182885866428, -0.7727922145651558, 0.0 ], "to": [ 2.272792341005701, 15.348528002553941, 16.0 ] }
      ]
    }
  ]
}