{
  "children": [
    "yuushya:cushion_raw_gray_wood"
  ],
  "blockstates": [
    {
      "variant": "facing=east",
      "collision": [
        { "from": [ 0.0, -0.9343134551580157, 0.0 ], "to": [ 18.38689553882449, 21.091527383179944, 16.0 ] }
      ]
    },
    {
      "variant": "facing=north",
      "collision": [
        { "from": [ 0.0, -0.9343134551580157, -2.386895538824488 ], "to": [ 16.0, 21.091527383179944, 16.0 ] }
      ]
    },
    {
      "variant": "facing=south",
      "collision": [
        { "from": [ 0.0, -0.9343134551580157, 0.0 ], "to": [ 16.0, 21.091527383179944, 18.38689553882449 ] }
      ]
    },
    {
      "variant": "facing=west",
      "collision": [
        { "from": [ -2.386895538824488, -0.9343134551580157, 0.0 ], "to": [ 16.0, 21.091527383179944, 16.0 ] }
      ]
    }
  ]
}